{
  "project_info": {
    "project_number": "337662382652",
    "project_id": "mytasks-application",
    "storage_bucket": "mytasks-application.appspot.com"
  },
  "client": [
    {
      "client_info": {
        "mobilesdk_app_id": "1:337662382652:android:ed800ccef3891c1fbf6939",
        "android_client_info": {
          "package_name": "Rashed.MyTasks"
        }
      },
      "oauth_client": [],
      "api_key": [
        {
          "current_key": "AIzaSyCbAAYjPuhGMnfZmqidRb5s_6XoUsffgY4"
        }
      ],
      "services": {
        "appinvite_service": {
          "other_platform_oauth_client": []
        }
      }
    }
  ],
  "configuration_version": "1"
}